{
    "Results": {
        "Classifier": [],
        "Detector": [],
        "Fiducial": [],
        "Retro": [
        {
            "pts": [],
            "t6c_ts": [],
            "t6r_fs": [],
            "t6r_ts": [],
            "t6t_cs": [],
            "t6t_rs": [],
            "ta": 0.028124958276748657,
            "tx": -6.858895301818848,
            "txp": 125.89512634277344,
            "ty": 8.712546348571777,
            "typ": 79.79258728027344
        }
        ],
        "pID": 0,
        "tl": 4.795886039733887,
        "ts": 4524421.206346,
        "v": 1
    }
}